{"cameraMode":{"drawMode":0,"name":"Shaded","section":"Shading Mode"},"sceneLighting":true,"audioPlay":false,"sceneViewState":{"showFog":true,"showMaterialUpdate":false,"showSkybox":true,"showFlares":true,"showImageEffects":true,"showParticleSystems":true},"in2DMode":false,"pivot":{"x":1.1556036472320557,"y":2.0954432487487795,"z":4.888765335083008},"rotation":{"x":-0.17825327813625337,"y":-0.267228901386261,"z":0.05037149041891098,"w":-0.9456623792648315},"size":9.077885627746582,"orthographic":false}