{"cameraMode":{"drawMode":0,"name":"Shaded","section":"Shading Mode"},"sceneLighting":false,"audioPlay":false,"sceneViewState":{"showFog":true,"showMaterialUpdate":false,"showSkybox":false,"showFlares":true,"showImageEffects":true,"showParticleSystems":true},"in2DMode":false,"pivot":{"x":0.5433051586151123,"y":0.6977644562721252,"z":1.7119046449661255},"rotation":{"x":-0.012965782545506955,"y":-0.9861272573471069,"z":0.09377554804086685,"w":-0.13634565472602845},"size":5.419853210449219,"orthographic":false}